<?xml version="1.0" ?>
<LOG_ROOT>
	<PROJECT NAME="hello">
		<CBX_INST_ENTRY INSTANCE_NAME="|tpsopc|SoPC:u0|SoPC_jtag_uart_0:jtag_uart_0|SoPC_jtag_uart_0_scfifo_w:the_SoPC_jtag_uart_0_scfifo_w|scfifo:wfifo" CBX_FILE_NAME="scfifo_1n21.tdf"/>
		<CBX_INST_ENTRY INSTANCE_NAME="|tpsopc|SoPC:u0|SoPC_mon_processeur:mon_processeur|SoPC_mon_processeur_nios2_oci:the_SoPC_mon_processeur_nios2_oci|SoPC_mon_processeur_nios2_ocimem:the_SoPC_mon_processeur_nios2_ocimem|SoPC_mon_processeur_ociram_sp_ram_module:SoPC_mon_processeur_ociram_sp_ram|altsyncram:the_altsyncram" CBX_FILE_NAME="altsyncram_k981.tdf"/>
		<CBX_INST_ENTRY INSTANCE_NAME="|tpsopc|SoPC:u0|SoPC_mon_processeur:mon_processeur|SoPC_mon_processeur_register_bank_a_module:SoPC_mon_processeur_register_bank_a|altsyncram:the_altsyncram" CBX_FILE_NAME="altsyncram_gsg1.tdf"/>
		<CBX_INST_ENTRY INSTANCE_NAME="|tpsopc|SoPC:u0|SoPC_mon_processeur:mon_processeur|SoPC_mon_processeur_register_bank_b_module:SoPC_mon_processeur_register_bank_b|altsyncram:the_altsyncram" CBX_FILE_NAME="altsyncram_hsg1.tdf"/>
		<CBX_INST_ENTRY INSTANCE_NAME="|tpsopc|SoPC:u0|SoPC_jtag_uart_0:jtag_uart_0|SoPC_jtag_uart_0_scfifo_r:the_SoPC_jtag_uart_0_scfifo_r|scfifo:rfifo" CBX_FILE_NAME="scfifo_1n21.tdf"/>
		<CBX_INST_ENTRY INSTANCE_NAME="|tpsopc|SoPC:u0|SoPC_onchip_memory2_0:onchip_memory2_0|altsyncram:the_altsyncram" CBX_FILE_NAME="altsyncram_hkc1.tdf"/>
	</PROJECT>
</LOG_ROOT>
